username,full_name,profile_picture,bio,website
aleonpearls,ğŸŒ¸ ALEON PEARLS ğŸŒ¸,,,
inessamusienko,Inesa - content creator and model | UGC,,,
lotsoflovemariam,Mariam Guerrero,,,
brandby.bibi,BRAND BY BIBI,,,
carina_nielk,Carina Klein,,,
visart.by.heike,"ğ™ƒğ™šğ™ğ™ ğ™š: Beauty, MakeUp & Hair",,,
larisa.jlrc,larisa,,,
districtmoedling,DISTRICT MÃ¶dling Magazine,,,
foto_grafik_design,Andrea Aichhorn,,,
meryleenlucka,M E R Y L E E N,,,
mylovelybulgaria,,,,
giochizzo,Giovanni Chizzolini,,,
kirchgassersimone,Simone Kirchgasser,,,
veselinikolov,,,,
sk.simona,Simona Koleva,,,
sturm.silber,Sturm Silber Vienna,,,
evveroni,Ewelina Wronska,,,
arzustravelblog,Arzu Kurt | Vienna | Travel & Hotel Content Creator,,,
svhakatraun1925,SV HAKA Traun,,,
unique.hf,ğ—¸| ğ—µğ—²ğ—¹ğ—²ğ—»ğ—² ğ—³ğ—¶ğ˜€ğ—°ğ—µğ—²ğ—¿ ğ—³ğ—®ğ—»ğ—½ğ—®ğ—´ğ—²,,,
_nanei,Nana Szeiler,,,
building_better_skin,Ğ’ÑĞµĞ¾Ğ±Ñ…Ğ²Ğ°Ñ‚ĞµĞ½ Ğ¿Ğ¾Ğ´Ñ…Ğ¾Ğ´ Ğ² Ğ³Ñ€Ğ¸Ğ¶Ğ°Ñ‚Ğ° Ğ·Ğ° ĞºĞ¾Ğ¶Ğ°Ñ‚Ğ°.,,,
jack_sirounian,MrCrypto.com,,,
steigbuegel_gmbh,STEIGBÃœGEL GmbH,,,
sefkikorkmaz,,,,
kitschandkitchen_,,,,
carryinked,Carry Inked,,,
ashleywalseman,ASHLEY WALSEMAN,,,
taliahofficial,Digital memories,,,
letsmeatat8,Letâ€˜s Meat At 8,,,
taliahcp,Taliah Chamsi-Pasha,,,
parfumerie_martell,Parfumerie Martell,,,
valeri.lero4ka,je m'appelle ValeÌrie,,,
vie_i_pee,",Vi: Ai 'Pi:_TheUrbanMusicClub",,,
blackdog_la,Kit,,,
thesecretsofchic,Marie | Content creator based in Vienna,,,
sofiaelhaj,Sofia | Content Creator | UGC | Beauty Lover,,,
lyf.schoenbrunn,lyf Schoenbrunn Vienna,,,
mimisglobe,Mimi,,,
yaki.paris,yaki.paris,,,
mel_czok,Melanie Czok,,,
chrisxhenhapl,Chriâš¡ï¸,,,
vienna.girly,Vienna Marketing Girl,,,
_mariedorn,Marie Dorn,,,
imperialvienna,"Hotel Imperial, a Luxury Collection Hotel, Vienna",,,
jamilamalenkayadevochka,J,,,
weisserrauchfangkehrer,Zum Weissen Rauchfangkehrer,,,
krassimiragv,Digital | UGC | Business owner ğŸ‘‘,,,
aleonpearls,ğŸŒ¸ ALEON PEARLS ğŸŒ¸,,,
inessamusienko,Inesa - content creator and model | UGC,,,
lotsoflovemariam,Mariam Guerrero,,,
brandby.bibi,BRAND BY BIBI,,,
carina_nielk,Carina Klein,,,
visart.by.heike,"ğ™ƒğ™šğ™ğ™ ğ™š: Beauty, MakeUp & Hair",,,
larisa.jlrc,larisa,,,
districtmoedling,DISTRICT MÃ¶dling Magazine,,,
foto_grafik_design,Andrea Aichhorn,,,
meryleenlucka,M E R Y L E E N,,,
mylovelybulgaria,,,,
giochizzo,Giovanni Chizzolini,,,
kirchgassersimone,Simone Kirchgasser,,,
veselinikolov,,,,
sk.simona,Simona Koleva,,,
sturm.silber,Sturm Silber Vienna,,,
evveroni,Ewelina Wronska,,,
arzustravelblog,Arzu Kurt | Vienna | Travel & Hotel Content Creator,,,
svhakatraun1925,SV HAKA Traun,,,
unique.hf,ğ—¸| ğ—µğ—²ğ—¹ğ—²ğ—»ğ—² ğ—³ğ—¶ğ˜€ğ—°ğ—µğ—²ğ—¿ ğ—³ğ—®ğ—»ğ—½ğ—®ğ—´ğ—²,,,
_nanei,Nana Szeiler,,,
building_better_skin,Ğ’ÑĞµĞ¾Ğ±Ñ…Ğ²Ğ°Ñ‚ĞµĞ½ Ğ¿Ğ¾Ğ´Ñ…Ğ¾Ğ´ Ğ² Ğ³Ñ€Ğ¸Ğ¶Ğ°Ñ‚Ğ° Ğ·Ğ° ĞºĞ¾Ğ¶Ğ°Ñ‚Ğ°.,,,
jack_sirounian,MrCrypto.com,,,
steigbuegel_gmbh,STEIGBÃœGEL GmbH,,,
sefkikorkmaz,,,,
kitschandkitchen_,,,,
carryinked,Carry Inked,,,
ashleywalseman,ASHLEY WALSEMAN,,,
taliahofficial,Digital memories,,,
letsmeatat8,Letâ€˜s Meat At 8,,,
taliahcp,Taliah Chamsi-Pasha,,,
parfumerie_martell,Parfumerie Martell,,,
valeri.lero4ka,je m'appelle ValeÌrie,,,
vie_i_pee,",Vi: Ai 'Pi:_TheUrbanMusicClub",,,
blackdog_la,Kit,,,
thesecretsofchic,Marie | Content creator based in Vienna,,,
sofiaelhaj,Sofia | Content Creator | UGC | Beauty Lover,,,
lyf.schoenbrunn,lyf Schoenbrunn Vienna,,,
mimisglobe,Mimi,,,
yaki.paris,yaki.paris,,,
mel_czok,Melanie Czok,,,
chrisxhenhapl,Chriâš¡ï¸,,,
vienna.girly,Vienna Marketing Girl,,,
_mariedorn,Marie Dorn,,,
imperialvienna,"Hotel Imperial, a Luxury Collection Hotel, Vienna",,,
jamilamalenkayadevochka,J,,,
weisserrauchfangkehrer,Zum Weissen Rauchfangkehrer,,,
krassimiragv,Digital | UGC | Business owner ğŸ‘‘,,,
