Query,Country,Name,Phone,Website
security guard in armania,armania,Patriot Security Service,+374 10 280280,patriot.am
security guard in armania,armania,Armobil,+374 99 199961,armobil.am
security guard in armania,armania,Sokol & Sayga,+374 10 262629,sokol40.am
security guard in armania,armania,VIP GUARD,+374 33 334444,vipguard.am
security guard in armania,armania,Security Group,+374 60 705507,www.securitygroup.am
security guard in armania,armania,Pantera Security,,
security guard in armania,armania,Elite Security Armenia,,
security guard in armania,armania,GRAND S PRIVATE SECURITY AGENCY,+374 10 477027,www.grandsecurity.am
security guard in armania,armania,SEPPO,+374 55 252226,seppo.am
security guard in armania,armania,43 security,+374 33 434366,www.43security.com
security guard in armania,armania,Special International Academy of Safety,+374 99 300999,www.sias.am
security guard in armania,armania,IT Security LLC,+374 12 484848,itsec.am
security guard in armania,armania,Hektor Security,+374 33 888811,hektor.am
security guard in armania,armania,Guardian Security Services,+374 11 555200,guardian.am
security guard in armania,armania,VIP Security Systems,+374 10 568558,
