Username,Full Name,Email,Phone,Website,Followers,Following,Biography,Profile Picture URL
digitalinfluencersbrasil,Digital Influencers,,,,,,,
nexttalent.community,Komunitas Digital Influencers,,,,,,,
sayozinha_,Digital influencer / Sayonara Nunes,,,,,,,
natanmouraof,NATAN MOURA |  DIGITAL INFLUENCER,,,,,,,
monnyelleamorim,Monny-Elle Amorim | Influencer digital,,,,,,,
digitalinfluencers55,Digital Influencers,,,,,,,
deborakaline13,Debora kaline | Influencer digital,,,,,,,
digital._influencers,Digital_influencers,,,,,,,
digitalinfluencersfsa,Digital influencers,,,,,,,
digital_influencers,Digital Influencers & Cia.,,,,,,,
projetodi,DIGITAL // INFLUENCERS,,,,,,,
paulinha.santos04,PAULINHA SANTOS | DIGITAL INFLUENCER,,,,,,,
digitalinfluencers.br,Digital Influencers Brasil,,,,,,,
digital_influencers_com,Digital Influencers,,,,,,,
ester_matias,Ester Matias | Digital influencerâœ¨,,,,,,,
raquellpaulino,RAQUEL PAULINO | DIGITAL INFLUENCER,,,,,,,
eutataingrid,TATA | Digital Influencer â¤ï¸â€ğŸ”¥,,,,,,,
kmona_manuela,Kmona Manuela | Digital Influencer & CEO,,,,,,,
digitalin_fluencers,Digital Influencers,,,,,,,
_dayaneslots,Dayane Martins - digital influencer,,,,,,,
thaynaradias___,Thaynara Dias â€¢ Digital Influencer âœ¨,,,,,,,
digital.influencers,Digital Influencers,,,,,,,
digital.influencers._,Digital-influencers,,,,,,,
alinne_sousaa,Alinne Souza ğŸ“² ğ‘«ğ‘°ğ‘®ğ‘°ğ‘»ğ‘¨ğ‘³ ğ‘°ğ‘µğ‘­ğ‘³ğ‘¼ğ‘¬ğ‘µğ‘ªğ‘¬ğ‘¹ ğŸš€,,,,,,,
digital__influencers_,Digital Marketing | India,,,,,,,
digitalinfluencersrecife,Digital Influencers De RecifeğŸŒ¸,,,,,,,
willanyportilho,ğ–ğ¢ğ¥ğ¥ğšğ§ğ² ğ’ğ¨ğ®ğ¬ğš | ğƒğ¢ğ ğ¢ğ­ğšğ¥ ğˆğ§ğŸğ¥ğ®ğğ§ğœğğ«,,,,,,,
digitalinfluencersmaranhao,4Âº ÂºEnc. Digital Influencers,,,,,,,
athinadomeni,Ãthina Domeni | Influencer Digital,,,,,,,
blogmahferreira,Mah Ferreira | digital influencer,,,,,,,
digital_influencers.01,,,,,,,,
iam.prezotte2,Sah Prezotte | Digital Influencer ğŸ¦‹,,,,,,,
digital_influencers_ibiapaba,Digital Influencers| Ibiapaba,,,,,,,
digitalinfluencersprocura,Digital Influencers Prospecta,,,,,,,
musastop2021,Digital influencers,,,,,,,
digitalinfluencersworld,DIGITAL INFLUENCERS WORLD,,,,,,,
vaholiveira00,Vanessa Oliveira| Digital influencer,,,,,,,
_carvalhogaby,Gabrielly Carvalho || Influencer Digital,,,,,,,
digitalinfluencers,Matt Glastonbury,,,,,,,
digital_influencers__,Digital_Influencers,,,,,,,
influencers.passarela,Digital_influencers,,,,,,,
digital__.influencers,anÃ¡lise de perfis,,,,,,,
influencers.deportugal,Digital Influencers PT,,,,,,,
digital__influencers,Digital Influencers,,,,,,,
digital__.influencer,DIGITAL INFLUENCERS âœ¨ğŸ¥º,,,,,,,
cintianevesofficial,CINTIA NEVES | INFLUENCER DIGITAL,,,,,,,
maicongrau_,ğ— ğ—®ğ—¶ğ—°ğ—¼ğ—»ğ—´ğ—¿ğ—®ğ˜‚ | ğ——ğ—¶ğ—´ğ—¶ğ˜ğ—®ğ—¹ ğ—¶ğ—»ğ—³ğ—¹ğ˜‚ğ—²ğ—»ğ—°ğ—²ğ—¿,,,,,,,
jamillyboldrini,Jamilly Boldrini -  Digital influencer ES,,,,,,,
digitalinfluencers_ofc,ğŸ”¥DESEJA GANHAR SEGUIDORESğŸ”¥,,,,,,,
influencersdorj,Digital Influencers do RJ,,,,,,,
