country,name,phone,Website,Emails,Phones,LinkedIn,Twitter,Facebook,Instagram
Andorra,Prana Yoga Andorra,+376 616 285,www.pranayogaandorra.com,"pranayogaandorra@gmail.com, pranayoga@hotmail.es, kween.b.beauty@gmail.com, panayogaandorra@gmail.com",+376 616 285,https://www.linkedin.com/in/sarah-de-santiago-516216158,https://twitter.com/pranayv88945057,https://www.facebook.com/pranayogaandorra,https://www.instagram.com/pranayoga__1008
Andorra,Aura Espai,+376 846 141,www.auraespai.com,info@auraespai.com,+376 846 141,https://www.linkedin.com/in/emanuel-cazaux-rodenas-994084121,https://twitter.com/auraespai,https://www.facebook.com/AuraSpaDC,https://www.instagram.com/auraespai
Andorra,Julia Leal Espai,+376 399 420,www.julialealespai.com,"lealmariajulia@gmail.com, julialeahy@sixteenth.com.watch, teamjulia@pearpoptalent.com",+376 399 420,,https://twitter.com/JuliaLabelle_v2,https://www.facebook.com/julialealespai,https://www.instagram.com/juliaelisa._
Andorra,Komorebi,+376 838 500,www.komorebiandorra.com,"hola@komorebiandorra.com, ola@komorebiandorra.com, komorebiandorra@gmail.com",+376 838 500,,,https://www.facebook.com/KomorebiAndorra/videos,https://www.instagram.com/komorebi_andorra
Andorra,Yogananda,+376 364 523,www.yoganandandorra.com,"yogananda@correuad.com, maria.yogananda@gmail.com",+376 364 523,,https://twitter.com/yoganandvedanta,https://www.facebook.com/pranayogacenter,https://www.instagram.com/yoganandandorra
Andorra,Centre Mosaic,+376 350 963,www.centremosaicandorra.com,"info@centremosaicandorra.com, centremosaic.andorra@gmail.com, namaste-yoga@qode.com, r.helix@bep-la.com",+376 350 963,,,https://www.facebook.com/centre.mosaic,https://www.instagram.com/centre.mosaic
Andorra,Pilates Center Conxi Mart√≠,+376 818 333,pilatesandorraconximarti.com,"pilatescenter.conximarti@gmail.com, info@pilateszengacm.com, emailpilatescenter.conximarti@gmail.com, pilatescentermallorca@gmail.com, topilatescenter.conximarti@gmail.com, pilatescenter.comximarti@gmail.com",+376 818 333,,,https://www.facebook.com/230914333607619,https://www.instagram.com/pilates_center_conxi_marti
Andorra,Espai Surinder Kaur - Raquel Larrauri,+376 322 991,www.espaisurinderkaur.com,raquellarrauri@gmail.com,+376 322 991,,,https://www.facebook.com/espaisurinderkaur,https://www.instagram.com/surinderkaurespai
Andorra,Urban Gym Palau de Gel,+376 800 840,www.urban.ad,"urban@anyospark.com, urbancanillo@anyospark.com",+376 800 840,https://www.linkedin.com/in/urban-advertising-51a89821b,https://twitter.com/urban_ad_mag,https://www.facebook.com/theurbanads,https://www.instagram.com/urban.ad
Andorra,Wellness Experience Andorra,+376 360 163,www.andorrawellnessexperience.com,andorrawellnessexperience@gmail.com,+376 360 163,https://www.linkedin.com/in/donatella-locatelli-4b98054a,,https://www.facebook.com/andorrawellnessexperience,
Andorra,Urban Gym Andorra la Vella,+376 811 818,urban.ad,"urban@anyospark.com, urbancanillo@anyospark.com",+376 811 818,,https://twitter.com/urban_ad_mag,https://www.facebook.com/theurbanads,https://www.instagram.com/urban.ad
Andorra,Essencya Andorra,+376 603 302,essencyaandorra.com,essencya.andorra@gmail.com,+376 603 302,,https://twitter.com/essentra,https://www.facebook.com/essarte,
Andorra,Diana Torra Centre,+376 815 800,dianatorra.com,"info@dianatorra.com, info@dianatorra.ad",+376 815 800,,https://twitter.com/_DianaTorre_,https://www.facebook.com/DianaTorraCentre,https://www.instagram.com/the.dianatorres
Andorra,ES Pilates House ( Control Pilates),+376 645 721,www.espilateshouse.com,pilates@pilates-andorra.com,+376 645 721,,https://twitter.com/RepEspaillat,https://www.facebook.com/p/Control-Pilates-Andorra-100024269500061,https://www.instagram.com/esphouses_com
